Period,Accomodation type,Travel,Tourists
01-Jan-12,Hotel,Domestic,735000
01-Feb-12,Hotel,Domestic,749000
01-Mar-12,Hotel,Domestic,889000
01-Apr-12,Hotel,Domestic,969000
01-May-12,Hotel,Domestic,1060000
01-Jun-12,Hotel,Domestic,1032000
01-Jul-12,Hotel,Domestic,1009000
01-Aug-12,Hotel,Domestic,1106000
01-Sep-12,Hotel,Domestic,1045000
01-Oct-12,Hotel,Domestic,1025000
01-Nov-12,Hotel,Domestic,859000
01-Dec-12,Hotel,Domestic,810000
01-Jan-13,Hotel,Domestic,698000
01-Feb-13,Hotel,Domestic,744000
01-Mar-13,Hotel,Domestic,881000
01-Apr-13,Hotel,Domestic,958000
01-May-13,Hotel,Domestic,1078000
01-Jun-13,Hotel,Domestic,1088000
01-Jul-13,Hotel,Domestic,1067000
01-Aug-13,Hotel,Domestic,1139000
01-Sep-13,Hotel,Domestic,1058000
01-Oct-13,Hotel,Domestic,1044000
01-Nov-13,Hotel,Domestic,897000
01-Dec-13,Hotel,Domestic,852000
01-Jan-14,Hotel,Domestic,745000
01-Feb-14,Hotel,Domestic,763000
01-Mar-14,Hotel,Domestic,971000
01-Apr-14,Hotel,Domestic,977000
01-May-14,Hotel,Domestic,1124000
01-Jun-14,Hotel,Domestic,1116000
01-Jul-14,Hotel,Domestic,1091000
01-Aug-14,Hotel,Domestic,1192000
01-Sep-14,Hotel,Domestic,1133000
01-Oct-14,Hotel,Domestic,1140000
01-Nov-14,Hotel,Domestic,967000
01-Dec-14,Hotel,Domestic,925000
01-Jan-15,Hotel,Domestic,775000
01-Feb-15,Hotel,Domestic,827000
01-Mar-15,Hotel,Domestic,916000
01-Apr-15,Hotel,Domestic,1025000
01-May-15,Hotel,Domestic,1169000
01-Jun-15,Hotel,Domestic,1121000
01-Jul-15,Hotel,Domestic,1119000
01-Aug-15,Hotel,Domestic,1220000
01-Sep-15,Hotel,Domestic,1111000
01-Oct-15,Hotel,Domestic,1165000
01-Nov-15,Hotel,Domestic,998000
01-Dec-15,Hotel,Domestic,964000
01-Jan-16,Hotel,Domestic,854000
01-Feb-16,Hotel,Domestic,913000
01-Mar-16,Hotel,Domestic,1030000
01-Apr-16,Hotel,Domestic,1103000
01-May-16,Hotel,Domestic,1228000
01-Jun-16,Hotel,Domestic,1191000
01-Jul-16,Hotel,Domestic,1205000
01-Aug-16,Hotel,Domestic,1274000
01-Sep-16,Hotel,Domestic,1212000
01-Oct-16,Hotel,Domestic,1252000
01-Nov-16,Hotel,Domestic,1067000
01-Dec-16,Hotel,Domestic,1020000
01-Jan-17,Hotel,Domestic,964000
01-Feb-17,Hotel,Domestic,936000
01-Mar-17,Hotel,Domestic,1100000
01-Apr-17,Hotel,Domestic,1229000
01-May-17,Hotel,Domestic,1295000
01-Jun-17,Hotel,Domestic,1316000
01-Jul-17,Hotel,Domestic,1324000
01-Aug-17,Hotel,Domestic,1382000
01-Sep-17,Hotel,Domestic,1288000
01-Oct-17,Hotel,Domestic,1316000
01-Nov-17,Hotel,Domestic,1106000
01-Dec-17,Hotel,Domestic,1162000
01-Jan-18,Hotel,Domestic,1028000
01-Feb-18,Hotel,Domestic,997000
01-Mar-18,Hotel,Domestic,1169000
01-Apr-18,Hotel,Domestic,1225000
01-May-18,Hotel,Domestic,1355000
01-Jun-18,Hotel,Domestic,1379000
01-Jul-18,Hotel,Domestic,1323000
01-Aug-18,Hotel,Domestic,1443000
01-Sep-18,Hotel,Domestic,1368000
01-Oct-18,Hotel,Domestic,1386000
01-Nov-18,Hotel,Domestic,1178000
01-Dec-18,Hotel,Domestic,1125000
01-Jan-19,Hotel,Domestic,966000
01-Feb-19,Hotel,Domestic,983000
01-Mar-19,Hotel,Domestic,1227000
01-Apr-19,Hotel,Domestic,1227000
01-May-19,Hotel,Domestic,1335000
01-Jun-19,Hotel,Domestic,1410000
01-Jul-19,Hotel,Domestic,1323000
01-Aug-19,Hotel,Domestic,1415000
01-Sep-19,Hotel,Domestic,1355000
01-Oct-19,Hotel,Domestic,1385000
01-Nov-19,Hotel,Domestic,1244000
01-Dec-19,Hotel,Domestic,1189000
01-Jan-20,Hotel,Domestic,1055000
01-Feb-20,Hotel,Domestic,1131000
01-Mar-20,Hotel,Domestic,571000
01-Apr-20,Hotel,Domestic,192000
01-May-20,Hotel,Domestic,401000
01-Jun-20,Hotel,Domestic,908000
01-Jul-20,Hotel,Domestic,1420000
01-Aug-20,Hotel,Domestic,1620000
01-Sep-20,Hotel,Domestic,1355000
01-Oct-20,Hotel,Domestic,985000
01-Nov-20,Hotel,Domestic,773000
01-Dec-20,Hotel,Domestic,649000
01-Jan-21,Hotel,Domestic,366000
01-Feb-21,Hotel,Domestic,549000
01-Mar-21,Hotel,Domestic,593000
01-Apr-21,Hotel,Domestic,791000
01-May-21,Hotel,Domestic,1258000
01-Jun-21,Hotel,Domestic,1346000
01-Jul-21,Hotel,Domestic,1633000
01-Jan-12,Hotel,International,563000
01-Feb-12,Hotel,International,583000
01-Mar-12,Hotel,International,735000
01-Apr-12,Hotel,International,974000
01-May-12,Hotel,International,953000
01-Jun-12,Hotel,International,902000
01-Jul-12,Hotel,International,949000
01-Aug-12,Hotel,International,983000
01-Sep-12,Hotel,International,910000
01-Oct-12,Hotel,International,842000
01-Nov-12,Hotel,International,743000
01-Dec-12,Hotel,International,587000
01-Jan-13,Hotel,International,576000
01-Feb-13,Hotel,International,567000
01-Mar-13,Hotel,International,784000
01-Apr-13,Hotel,International,920000
01-May-13,Hotel,International,1014000
01-Jun-13,Hotel,International,922000
01-Jul-13,Hotel,International,988000
01-Aug-13,Hotel,International,1040000
01-Sep-13,Hotel,International,912000
01-Oct-13,Hotel,International,892000
01-Nov-13,Hotel,International,775000
01-Dec-13,Hotel,International,627000
01-Jan-14,Hotel,International,631000
01-Feb-14,Hotel,International,670000
01-Mar-14,Hotel,International,839000
01-Apr-14,Hotel,International,1052000
01-May-14,Hotel,International,1078000
01-Jun-14,Hotel,International,1020000
01-Jul-14,Hotel,International,1086000
01-Aug-14,Hotel,International,1145000
01-Sep-14,Hotel,International,997000
01-Oct-14,Hotel,International,960000
01-Nov-14,Hotel,International,817000
01-Dec-14,Hotel,International,684000
01-Jan-15,Hotel,International,662000
01-Feb-15,Hotel,International,722000
01-Mar-15,Hotel,International,861000
01-Apr-15,Hotel,International,1126000
01-May-15,Hotel,International,1130000
01-Jun-15,Hotel,International,1078000
01-Jul-15,Hotel,International,1216000
01-Aug-15,Hotel,International,1225000
01-Sep-15,Hotel,International,1071000
01-Oct-15,Hotel,International,1034000
01-Nov-15,Hotel,International,886000
01-Dec-15,Hotel,International,754000
01-Jan-16,Hotel,International,755000
01-Feb-16,Hotel,International,828000
01-Mar-16,Hotel,International,1009000
01-Apr-16,Hotel,International,1126000
01-May-16,Hotel,International,1208000
01-Jun-16,Hotel,International,1086000
01-Jul-16,Hotel,International,1215000
01-Aug-16,Hotel,International,1232000
01-Sep-16,Hotel,International,1101000
01-Oct-16,Hotel,International,1096000
01-Nov-16,Hotel,International,920000
01-Dec-16,Hotel,International,833000
01-Jan-17,Hotel,International,819000
01-Feb-17,Hotel,International,872000
01-Mar-17,Hotel,International,1085000
01-Apr-17,Hotel,International,1392000
01-May-17,Hotel,International,1340000
01-Jun-17,Hotel,International,1317000
01-Jul-17,Hotel,International,1427000
01-Aug-17,Hotel,International,1385000
01-Sep-17,Hotel,International,1237000
01-Oct-17,Hotel,International,1261000
01-Nov-17,Hotel,International,1044000
01-Dec-17,Hotel,International,973000
01-Jan-18,Hotel,International,920000
01-Feb-18,Hotel,International,940000
01-Mar-18,Hotel,International,1161000
01-Apr-18,Hotel,International,1384000
01-May-18,Hotel,International,1393000
01-Jun-18,Hotel,International,1310000
01-Jul-18,Hotel,International,1477000
01-Aug-18,Hotel,International,1471000
01-Sep-18,Hotel,International,1293000
01-Oct-18,Hotel,International,1283000
01-Nov-18,Hotel,International,1076000
01-Dec-18,Hotel,International,965000
01-Jan-19,Hotel,International,943000
01-Feb-19,Hotel,International,1015000
01-Mar-19,Hotel,International,1250000
01-Apr-19,Hotel,International,1538000
01-May-19,Hotel,International,1410000
01-Jun-19,Hotel,International,1442000
01-Jul-19,Hotel,International,1530000
01-Aug-19,Hotel,International,1504000
01-Sep-19,Hotel,International,1308000
01-Oct-19,Hotel,International,1360000
01-Nov-19,Hotel,International,1163000
01-Dec-19,Hotel,International,1048000
01-Jan-20,Hotel,International,956000
01-Feb-20,Hotel,International,990000
01-Mar-20,Hotel,International,418000
01-Apr-20,Hotel,International,49000
01-May-20,Hotel,International,84000
01-Jun-20,Hotel,International,320000
01-Jul-20,Hotel,International,718000
01-Aug-20,Hotel,International,731000
01-Sep-20,Hotel,International,434000
01-Oct-20,Hotel,International,175000
01-Nov-20,Hotel,International,119000
01-Dec-20,Hotel,International,107000
01-Jan-21,Hotel,International,97000
01-Feb-21,Hotel,International,90000
01-Mar-21,Hotel,International,106000
01-Apr-21,Hotel,International,110000
01-May-21,Hotel,International,207000
01-Jun-21,Hotel,International,301000
01-Jul-21,Hotel,International,551000
01-Jan-12,Camping,Domestic,7000
01-Jan-12,Camping,International,5000
01-Feb-12,Camping,Domestic,7000
01-Feb-12,Camping,International,4000
01-Mar-12,Camping,Domestic,31000
01-Mar-12,Camping,International,11000
01-Apr-12,Camping,Domestic,223000
01-Apr-12,Camping,International,89000
01-May-12,Camping,Domestic,616000
01-May-12,Camping,International,114000
01-Jun-12,Camping,Domestic,431000
01-Jun-12,Camping,International,95000
01-Jul-12,Camping,Domestic,641000
01-Jul-12,Camping,International,149000
01-Aug-12,Camping,Domestic,793000
01-Aug-12,Camping,International,185000
01-Sep-12,Camping,Domestic,315000
01-Sep-12,Camping,International,66000
01-Oct-12,Camping,Domestic,146000
01-Oct-12,Camping,International,41000
01-Nov-12,Camping,Domestic,10000
01-Nov-12,Camping,International,9000
01-Dec-12,Camping,Domestic,8000
01-Dec-12,Camping,International,4000
01-Jan-13,Camping,Domestic,6000
01-Jan-13,Camping,International,4000
01-Feb-13,Camping,Domestic,6000
01-Feb-13,Camping,International,4000
01-Mar-13,Camping,Domestic,21000
01-Mar-13,Camping,International,15000
01-Apr-13,Camping,Domestic,166000
01-Apr-13,Camping,International,59000
01-May-13,Camping,Domestic,566000
01-May-13,Camping,International,126000
01-Jun-13,Camping,Domestic,439000
01-Jun-13,Camping,International,101000
01-Jul-13,Camping,Domestic,709000
01-Jul-13,Camping,International,162000
01-Aug-13,Camping,Domestic,788000
01-Aug-13,Camping,International,222000
01-Sep-13,Camping,Domestic,281000
01-Sep-13,Camping,International,69000
01-Oct-13,Camping,Domestic,121000
01-Oct-13,Camping,International,46000
01-Nov-13,Camping,Domestic,8000
01-Nov-13,Camping,International,9000
01-Dec-13,Camping,Domestic,8000
01-Dec-13,Camping,International,4000
01-Jan-14,Camping,Domestic,7000
01-Jan-14,Camping,International,6000
01-Feb-14,Camping,Domestic,5000
01-Feb-14,Camping,International,3000
01-Mar-14,Camping,Domestic,26000
01-Mar-14,Camping,International,16000
01-Apr-14,Camping,Domestic,210000
01-Apr-14,Camping,International,99000
01-May-14,Camping,Domestic,404000
01-May-14,Camping,International,72000
01-Jun-14,Camping,Domestic,595000
01-Jun-14,Camping,International,168000
01-Jul-14,Camping,Domestic,603000
01-Jul-14,Camping,International,153000
01-Aug-14,Camping,Domestic,722000
01-Aug-14,Camping,International,218000
01-Sep-14,Camping,Domestic,301000
01-Sep-14,Camping,International,77000
01-Oct-14,Camping,Domestic,134000
01-Oct-14,Camping,International,69000
01-Nov-14,Camping,Domestic,9000
01-Nov-14,Camping,International,11000
01-Dec-14,Camping,Domestic,7000
01-Dec-14,Camping,International,5000
01-Jan-15,Camping,Domestic,6000
01-Jan-15,Camping,International,6000
01-Feb-15,Camping,Domestic,8000
01-Feb-15,Camping,International,7000
01-Mar-15,Camping,Domestic,21000
01-Mar-15,Camping,International,15000
01-Apr-15,Camping,Domestic,154000
01-Apr-15,Camping,International,92000
01-May-15,Camping,Domestic,506000
01-May-15,Camping,International,145000
01-Jun-15,Camping,Domestic,393000
01-Jun-15,Camping,International,118000
01-Jul-15,Camping,Domestic,629000
01-Jul-15,Camping,International,188000
01-Aug-15,Camping,Domestic,756000
01-Aug-15,Camping,International,216000
01-Sep-15,Camping,Domestic,230000
01-Sep-15,Camping,International,69000
01-Oct-15,Camping,Domestic,126000
01-Oct-15,Camping,International,67000
01-Nov-15,Camping,Domestic,12000
01-Nov-15,Camping,International,11000
01-Dec-15,Camping,Domestic,10000
01-Dec-15,Camping,International,8000
01-Jan-16,Camping,Domestic,9000
01-Jan-16,Camping,International,9000
01-Feb-16,Camping,Domestic,6000
01-Feb-16,Camping,International,6000
01-Mar-16,Camping,Domestic,31000
01-Mar-16,Camping,International,30000
01-Apr-16,Camping,Domestic,152000
01-Apr-16,Camping,International,59000
01-May-16,Camping,Domestic,498000
01-May-16,Camping,International,165000
01-Jun-16,Camping,Domestic,340000
01-Jun-16,Camping,International,87000
01-Jul-16,Camping,Domestic,552000
01-Jul-16,Camping,International,191000
01-Aug-16,Camping,Domestic,784000
01-Aug-16,Camping,International,218000
01-Sep-16,Camping,Domestic,327000
01-Sep-16,Camping,International,98000
01-Oct-16,Camping,Domestic,131000
01-Oct-16,Camping,International,81000
01-Nov-16,Camping,Domestic,9000
01-Nov-16,Camping,International,13000
01-Dec-16,Camping,Domestic,10000
01-Dec-16,Camping,International,7000
01-Jan-17,Camping,Domestic,7000
01-Jan-17,Camping,International,8000
01-Feb-17,Camping,Domestic,5000
01-Feb-17,Camping,International,8000
01-Mar-17,Camping,Domestic,25000
01-Mar-17,Camping,International,20000
01-Apr-17,Camping,Domestic,177000
01-Apr-17,Camping,International,120000
01-May-17,Camping,Domestic,428000
01-May-17,Camping,International,113000
01-Jun-17,Camping,Domestic,432000
01-Jun-17,Camping,International,182000
01-Jul-17,Camping,Domestic,491000
01-Jul-17,Camping,International,192000
01-Aug-17,Camping,Domestic,668000
01-Aug-17,Camping,International,220000
01-Sep-17,Camping,Domestic,261000
01-Sep-17,Camping,International,87000
01-Oct-17,Camping,Domestic,112000
01-Oct-17,Camping,International,76000
01-Nov-17,Camping,Domestic,11000
01-Nov-17,Camping,International,21000
01-Dec-17,Camping,Domestic,8000
01-Dec-17,Camping,International,9000
01-Jan-18,Camping,Domestic,6000
01-Jan-18,Camping,International,9000
01-Feb-18,Camping,Domestic,8000
01-Feb-18,Camping,International,9000
01-Mar-18,Camping,Domestic,26000
01-Mar-18,Camping,International,27000
01-Apr-18,Camping,Domestic,188000
01-Apr-18,Camping,International,103000
01-May-18,Camping,Domestic,545000
01-May-18,Camping,International,198000
01-Jun-18,Camping,Domestic,370000
01-Jun-18,Camping,International,144000
01-Jul-18,Camping,Domestic,549000
01-Jul-18,Camping,International,234000
01-Aug-18,Camping,Domestic,694000
01-Aug-18,Camping,International,249000
01-Sep-18,Camping,Domestic,303000
01-Sep-18,Camping,International,111000
01-Oct-18,Camping,Domestic,126000
01-Oct-18,Camping,International,84000
01-Nov-18,Camping,Domestic,11000
01-Nov-18,Camping,International,17000
01-Dec-18,Camping,Domestic,11000
01-Dec-18,Camping,International,7000
01-Jan-19,Camping,Domestic,8000
01-Jan-19,Camping,International,9000
01-Feb-19,Camping,Domestic,9000
01-Feb-19,Camping,International,9000
01-Mar-19,Camping,Domestic,31000
01-Mar-19,Camping,International,23000
01-Apr-19,Camping,Domestic,245000
01-Apr-19,Camping,International,164000
01-May-19,Camping,Domestic,331000
01-May-19,Camping,International,96000
01-Jun-19,Camping,Domestic,603000
01-Jun-19,Camping,International,255000
01-Jul-19,Camping,Domestic,562000
01-Jul-19,Camping,International,247000
01-Aug-19,Camping,Domestic,728000
01-Aug-19,Camping,International,259000
01-Sep-19,Camping,Domestic,307000
01-Sep-19,Camping,International,115000
01-Oct-19,Camping,Domestic,106000
01-Oct-19,Camping,International,103000
01-Nov-19,Camping,Domestic,13000
01-Nov-19,Camping,International,22000
01-Dec-19,Camping,Domestic,9000
01-Dec-19,Camping,International,11000
01-Jan-20,Camping,Domestic,10000
01-Jan-20,Camping,International,12000
01-Feb-20,Camping,Domestic,9000
01-Feb-20,Camping,International,12000
01-Mar-20,Camping,Domestic,14000
01-Mar-20,Camping,International,10000
01-Apr-20,Camping,Domestic,30000
01-Apr-20,Camping,International,3000
01-May-20,Camping,Domestic,147000
01-May-20,Camping,International,19000
01-Jun-20,Camping,Domestic,350000
01-Jun-20,Camping,International,90000
01-Jul-20,Camping,Domestic,747000
01-Jul-20,Camping,International,205000
01-Aug-20,Camping,Domestic,992000
01-Aug-20,Camping,International,186000
01-Sep-20,Camping,Domestic,421000
01-Sep-20,Camping,International,110000
01-Oct-20,Camping,Domestic,121000
01-Oct-20,Camping,International,29000
01-Nov-20,Camping,Domestic,16000
01-Nov-20,Camping,International,4000
01-Dec-20,Camping,Domestic,10000
01-Dec-20,Camping,International,1000
01-Jan-21,Camping,Domestic,8000
01-Jan-21,Camping,International,2000
01-Feb-21,Camping,Domestic,15000
01-Feb-21,Camping,International,2000
01-Mar-21,Camping,Domestic,21000
01-Mar-21,Camping,International,3000
01-Apr-21,Camping,Domestic,206000
01-Apr-21,Camping,International,9000
01-May-21,Camping,Domestic,649000
01-May-21,Camping,International,26000
01-Jun-21,Camping,Domestic,605000
01-Jun-21,Camping,International,66000
01-Jul-21,Camping,Domestic,742000
01-Jul-21,Camping,International,135000
01-Jan-12,Holiday park,International,77000
01-Feb-12,Holiday park,International,69000
01-Mar-12,Holiday park,International,84000
01-Apr-12,Holiday park,International,251000
01-May-12,Holiday park,International,130000
01-Jun-12,Holiday park,International,142000
01-Jul-12,Holiday park,International,185000
01-Aug-12,Holiday park,International,193000
01-Sep-12,Holiday park,International,115000
01-Oct-12,Holiday park,International,193000
01-Nov-12,Holiday park,International,121000
01-Dec-12,Holiday park,International,65000
01-Jan-13,Holiday park,International,72000
01-Feb-13,Holiday park,International,73000
01-Mar-13,Holiday park,International,128000
01-Apr-13,Holiday park,International,223000
01-May-13,Holiday park,International,185000
01-Jun-13,Holiday park,International,147000
01-Jul-13,Holiday park,International,194000
01-Aug-13,Holiday park,International,264000
01-Sep-13,Holiday park,International,166000
01-Oct-13,Holiday park,International,187000
01-Nov-13,Holiday park,International,157000
01-Dec-13,Holiday park,International,75000
01-Jan-14,Holiday park,International,77000
01-Feb-14,Holiday park,International,64000
01-Mar-14,Holiday park,International,113000
01-Apr-14,Holiday park,International,292000
01-May-14,Holiday park,International,128000
01-Jun-14,Holiday park,International,218000
01-Jul-14,Holiday park,International,198000
01-Aug-14,Holiday park,International,273000
01-Sep-14,Holiday park,International,173000
01-Oct-14,Holiday park,International,261000
01-Nov-14,Holiday park,International,102000
01-Dec-14,Holiday park,International,77000
01-Jan-15,Holiday park,International,93000
01-Feb-15,Holiday park,International,100000
01-Mar-15,Holiday park,International,116000
01-Apr-15,Holiday park,International,325000
01-May-15,Holiday park,International,211000
01-Jun-15,Holiday park,International,185000
01-Jul-15,Holiday park,International,262000
01-Aug-15,Holiday park,International,292000
01-Sep-15,Holiday park,International,164000
01-Oct-15,Holiday park,International,247000
01-Nov-15,Holiday park,International,142000
01-Dec-15,Holiday park,International,85000
01-Jan-16,Holiday park,International,99000
01-Feb-16,Holiday park,International,112000
01-Mar-16,Holiday park,International,178000
01-Apr-16,Holiday park,International,251000
01-May-16,Holiday park,International,257000
01-Jun-16,Holiday park,International,169000
01-Jul-16,Holiday park,International,308000
01-Aug-16,Holiday park,International,283000
01-Sep-16,Holiday park,International,202000
01-Oct-16,Holiday park,International,299000
01-Nov-16,Holiday park,International,139000
01-Dec-16,Holiday park,International,90000
01-Jan-17,Holiday park,International,123000
01-Feb-17,Holiday park,International,105000
01-Mar-17,Holiday park,International,118000
01-Apr-17,Holiday park,International,391000
01-May-17,Holiday park,International,219000
01-Jun-17,Holiday park,International,279000
01-Jul-17,Holiday park,International,329000
01-Aug-17,Holiday park,International,288000
01-Sep-17,Holiday park,International,213000
01-Oct-17,Holiday park,International,304000
01-Nov-17,Holiday park,International,169000
01-Dec-17,Holiday park,International,95000
01-Jan-18,Holiday park,International,118000
01-Feb-18,Holiday park,International,119000
01-Mar-18,Holiday park,International,207000
01-Apr-18,Holiday park,International,330000
01-May-18,Holiday park,International,280000
01-Jun-18,Holiday park,International,253000
01-Jul-18,Holiday park,International,358000
01-Aug-18,Holiday park,International,311000
01-Sep-18,Holiday park,International,211000
01-Oct-18,Holiday park,International,312000
01-Nov-18,Holiday park,International,188000
01-Dec-18,Holiday park,International,104000
01-Jan-19,Holiday park,International,128000
01-Feb-19,Holiday park,International,107000
01-Mar-19,Holiday park,International,187000
01-Apr-19,Holiday park,International,459000
01-May-19,Holiday park,International,208000
01-Jun-19,Holiday park,International,333000
01-Jul-19,Holiday park,International,393000
01-Aug-19,Holiday park,International,386000
01-Sep-19,Holiday park,International,270000
01-Oct-19,Holiday park,International,371000
01-Nov-19,Holiday park,International,232000
01-Dec-19,Holiday park,International,122000
01-Jan-20,Holiday park,International,159000
01-Feb-20,Holiday park,International,158000
01-Mar-20,Holiday park,International,88000
01-Apr-20,Holiday park,International,11000
01-May-20,Holiday park,International,27000
01-Jun-20,Holiday park,International,163000
01-Jul-20,Holiday park,International,315000
01-Aug-20,Holiday park,International,226000
01-Sep-20,Holiday park,International,178000
01-Oct-20,Holiday park,International,82000
01-Nov-20,Holiday park,International,19000
01-Dec-20,Holiday park,International,14000
01-Jan-21,Holiday park,International,14000
01-Feb-21,Holiday park,International,42000
01-Mar-21,Holiday park,International,15000
01-Apr-21,Holiday park,International,22000
01-May-21,Holiday park,International,34000
01-Jun-21,Holiday park,International,73000
01-Jul-21,Holiday park,International,230000
01-Jan-12,Holiday park,Domestic,328000
01-Feb-12,Holiday park,Domestic,331000
01-Mar-12,Holiday park,Domestic,364000
01-Apr-12,Holiday park,Domestic,496000
01-May-12,Holiday park,Domestic,564000
01-Jun-12,Holiday park,Domestic,450000
01-Jul-12,Holiday park,Domestic,473000
01-Aug-12,Holiday park,Domestic,539000
01-Sep-12,Holiday park,Domestic,428000
01-Oct-12,Holiday park,Domestic,537000
01-Nov-12,Holiday park,Domestic,373000
01-Dec-12,Holiday park,Domestic,374000
01-Jan-13,Holiday park,Domestic,283000
01-Feb-13,Holiday park,Domestic,351000
01-Mar-13,Holiday park,Domestic,338000
01-Apr-13,Holiday park,Domestic,453000
01-May-13,Holiday park,Domestic,637000
01-Jun-13,Holiday park,Domestic,433000
01-Jul-13,Holiday park,Domestic,509000
01-Aug-13,Holiday park,Domestic,598000
01-Sep-13,Holiday park,Domestic,486000
01-Oct-13,Holiday park,Domestic,511000
01-Nov-13,Holiday park,Domestic,363000
01-Dec-13,Holiday park,Domestic,397000
01-Jan-14,Holiday park,Domestic,304000
01-Feb-14,Holiday park,Domestic,342000
01-Mar-14,Holiday park,Domestic,377000
01-Apr-14,Holiday park,Domestic,417000
01-May-14,Holiday park,Domestic,634000
01-Jun-14,Holiday park,Domestic,534000
01-Jul-14,Holiday park,Domestic,442000
01-Aug-14,Holiday park,Domestic,595000
01-Sep-14,Holiday park,Domestic,494000
01-Oct-14,Holiday park,Domestic,582000
01-Nov-14,Holiday park,Domestic,351000
01-Dec-14,Holiday park,Domestic,374000
01-Jan-15,Holiday park,Domestic,300000
01-Feb-15,Holiday park,Domestic,397000
01-Mar-15,Holiday park,Domestic,376000
01-Apr-15,Holiday park,Domestic,433000
01-May-15,Holiday park,Domestic,680000
01-Jun-15,Holiday park,Domestic,506000
01-Jul-15,Holiday park,Domestic,535000
01-Aug-15,Holiday park,Domestic,595000
01-Sep-15,Holiday park,Domestic,467000
01-Oct-15,Holiday park,Domestic,626000
01-Nov-15,Holiday park,Domestic,409000
01-Dec-15,Holiday park,Domestic,389000
01-Jan-16,Holiday park,Domestic,275000
01-Feb-16,Holiday park,Domestic,418000
01-Mar-16,Holiday park,Domestic,364000
01-Apr-16,Holiday park,Domestic,478000
01-May-16,Holiday park,Domestic,630000
01-Jun-16,Holiday park,Domestic,465000
01-Jul-16,Holiday park,Domestic,494000
01-Aug-16,Holiday park,Domestic,616000
01-Sep-16,Holiday park,Domestic,526000
01-Oct-16,Holiday park,Domestic,612000
01-Nov-16,Holiday park,Domestic,352000
01-Dec-16,Holiday park,Domestic,362000
01-Jan-17,Holiday park,Domestic,374000
01-Feb-17,Holiday park,Domestic,348000
01-Mar-17,Holiday park,Domestic,425000
01-Apr-17,Holiday park,Domestic,503000
01-May-17,Holiday park,Domestic,637000
01-Jun-17,Holiday park,Domestic,541000
01-Jul-17,Holiday park,Domestic,510000
01-Aug-17,Holiday park,Domestic,589000
01-Sep-17,Holiday park,Domestic,533000
01-Oct-17,Holiday park,Domestic,619000
01-Nov-17,Holiday park,Domestic,385000
01-Dec-17,Holiday park,Domestic,395000
01-Jan-18,Holiday park,Domestic,360000
01-Feb-18,Holiday park,Domestic,365000
01-Mar-18,Holiday park,Domestic,451000
01-Apr-18,Holiday park,Domestic,524000
01-May-18,Holiday park,Domestic,605000
01-Jun-18,Holiday park,Domestic,530000
01-Jul-18,Holiday park,Domestic,474000
01-Aug-18,Holiday park,Domestic,641000
01-Sep-18,Holiday park,Domestic,479000
01-Oct-18,Holiday park,Domestic,624000
01-Nov-18,Holiday park,Domestic,399000
01-Dec-18,Holiday park,Domestic,420000
01-Jan-19,Holiday park,Domestic,345000
01-Feb-19,Holiday park,Domestic,384000
01-Mar-19,Holiday park,Domestic,483000
01-Apr-19,Holiday park,Domestic,547000
01-May-19,Holiday park,Domestic,621000
01-Jun-19,Holiday park,Domestic,613000
01-Jul-19,Holiday park,Domestic,506000
01-Aug-19,Holiday park,Domestic,700000
01-Sep-19,Holiday park,Domestic,576000
01-Oct-19,Holiday park,Domestic,602000
01-Nov-19,Holiday park,Domestic,427000
01-Dec-19,Holiday park,Domestic,476000
01-Jan-20,Holiday park,Domestic,371000
01-Feb-20,Holiday park,Domestic,451000
01-Mar-20,Holiday park,Domestic,281000
01-Apr-20,Holiday park,Domestic,68000
01-May-20,Holiday park,Domestic,231000
01-Jun-20,Holiday park,Domestic,530000
01-Jul-20,Holiday park,Domestic,691000
01-Aug-20,Holiday park,Domestic,881000
01-Sep-20,Holiday park,Domestic,644000
01-Oct-20,Holiday park,Domestic,691000
01-Nov-20,Holiday park,Domestic,333000
01-Dec-20,Holiday park,Domestic,371000
01-Jan-21,Holiday park,Domestic,286000
01-Feb-21,Holiday park,Domestic,490000
01-Mar-21,Holiday park,Domestic,424000
01-Apr-21,Holiday park,Domestic,617000
01-May-21,Holiday park,Domestic,965000
01-Jun-21,Holiday park,Domestic,725000
01-Jul-21,Holiday park,Domestic,777000
01-Jan-12,Group accomodations,Domestic,46000
01-Jan-12,Group accomodations,International,2000
01-Feb-12,Group accomodations,Domestic,46000
01-Feb-12,Group accomodations,International,1000
01-Mar-12,Group accomodations,Domestic,80000
01-Mar-12,Group accomodations,International,3000
01-Apr-12,Group accomodations,Domestic,139000
01-Apr-12,Group accomodations,International,8000
01-May-12,Group accomodations,Domestic,181000
01-May-12,Group accomodations,International,11000
01-Jun-12,Group accomodations,Domestic,230000
01-Jun-12,Group accomodations,International,8000
01-Jul-12,Group accomodations,Domestic,102000
01-Jul-12,Group accomodations,International,14000
01-Aug-12,Group accomodations,Domestic,116000
01-Aug-12,Group accomodations,International,17000
01-Sep-12,Group accomodations,Domestic,197000
01-Sep-12,Group accomodations,International,7000
01-Oct-12,Group accomodations,Domestic,120000
01-Oct-12,Group accomodations,International,7000
01-Nov-12,Group accomodations,Domestic,68000
01-Nov-12,Group accomodations,International,3000
01-Dec-12,Group accomodations,Domestic,48000
01-Dec-12,Group accomodations,International,3000
01-Jan-13,Group accomodations,Domestic,49000
01-Jan-13,Group accomodations,International,2000
01-Feb-13,Group accomodations,Domestic,45000
01-Feb-13,Group accomodations,International,1000
01-Mar-13,Group accomodations,Domestic,71000
01-Mar-13,Group accomodations,International,4000
01-Apr-13,Group accomodations,Domestic,130000
01-Apr-13,Group accomodations,International,5000
01-May-13,Group accomodations,Domestic,181000
01-May-13,Group accomodations,International,9000
01-Jun-13,Group accomodations,Domestic,197000
01-Jun-13,Group accomodations,International,6000
01-Jul-13,Group accomodations,Domestic,90000
01-Jul-13,Group accomodations,International,17000
01-Aug-13,Group accomodations,Domestic,115000
01-Aug-13,Group accomodations,International,15000
01-Sep-13,Group accomodations,Domestic,180000
01-Sep-13,Group accomodations,International,4000
01-Oct-13,Group accomodations,Domestic,115000
01-Oct-13,Group accomodations,International,6000
01-Nov-13,Group accomodations,Domestic,66000
01-Nov-13,Group accomodations,International,2000
01-Dec-13,Group accomodations,Domestic,48000
01-Dec-13,Group accomodations,International,1000
01-Jan-14,Group accomodations,Domestic,54000
01-Jan-14,Group accomodations,International,1000
01-Feb-14,Group accomodations,Domestic,47000
01-Feb-14,Group accomodations,International,1000
01-Mar-14,Group accomodations,Domestic,67000
01-Mar-14,Group accomodations,International,2000
01-Apr-14,Group accomodations,Domestic,110000
01-Apr-14,Group accomodations,International,6000
01-May-14,Group accomodations,Domestic,182000
01-May-14,Group accomodations,International,5000
01-Jun-14,Group accomodations,Domestic,209000
01-Jun-14,Group accomodations,International,8000
01-Jul-14,Group accomodations,Domestic,109000
01-Jul-14,Group accomodations,International,17000
01-Aug-14,Group accomodations,Domestic,118000
01-Aug-14,Group accomodations,International,18000
01-Sep-14,Group accomodations,Domestic,186000
01-Sep-14,Group accomodations,International,6000
01-Oct-14,Group accomodations,Domestic,119000
01-Oct-14,Group accomodations,International,5000
01-Nov-14,Group accomodations,Domestic,73000
01-Nov-14,Group accomodations,International,1000
01-Dec-14,Group accomodations,Domestic,45000
01-Dec-14,Group accomodations,International,1000
01-Jan-15,Group accomodations,Domestic,45000
01-Jan-15,Group accomodations,International,1000
01-Feb-15,Group accomodations,Domestic,44000
01-Feb-15,Group accomodations,International,1000
01-Mar-15,Group accomodations,Domestic,64000
01-Mar-15,Group accomodations,International,3000
01-Apr-15,Group accomodations,Domestic,112000
01-Apr-15,Group accomodations,International,5000
01-May-15,Group accomodations,Domestic,186000
01-May-15,Group accomodations,International,8000
01-Jun-15,Group accomodations,Domestic,210000
01-Jun-15,Group accomodations,International,6000
01-Jul-15,Group accomodations,Domestic,113000
01-Jul-15,Group accomodations,International,18000
01-Aug-15,Group accomodations,Domestic,130000
01-Aug-15,Group accomodations,International,17000
01-Sep-15,Group accomodations,Domestic,197000
01-Sep-15,Group accomodations,International,7000
01-Oct-15,Group accomodations,Domestic,129000
01-Oct-15,Group accomodations,International,7000
01-Nov-15,Group accomodations,Domestic,61000
01-Nov-15,Group accomodations,International,1000
01-Dec-15,Group accomodations,Domestic,46000
01-Dec-15,Group accomodations,International,2000
01-Jan-16,Group accomodations,Domestic,46000
01-Jan-16,Group accomodations,International,2000
01-Feb-16,Group accomodations,Domestic,37000
01-Feb-16,Group accomodations,International,2000
01-Mar-16,Group accomodations,Domestic,59000
01-Mar-16,Group accomodations,International,3000
01-Apr-16,Group accomodations,Domestic,106000
01-Apr-16,Group accomodations,International,4000
01-May-16,Group accomodations,Domestic,172000
01-May-16,Group accomodations,International,8000
01-Jun-16,Group accomodations,Domestic,183000
01-Jun-16,Group accomodations,International,7000
01-Jul-16,Group accomodations,Domestic,104000
01-Jul-16,Group accomodations,International,15000
01-Aug-16,Group accomodations,Domestic,107000
01-Aug-16,Group accomodations,International,14000
01-Sep-16,Group accomodations,Domestic,204000
01-Sep-16,Group accomodations,International,5000
01-Oct-16,Group accomodations,Domestic,138000
01-Oct-16,Group accomodations,International,7000
01-Nov-16,Group accomodations,Domestic,70000
01-Nov-16,Group accomodations,International,2000
01-Dec-16,Group accomodations,Domestic,40000
01-Dec-16,Group accomodations,International,3000
01-Jan-17,Group accomodations,Domestic,54000
01-Jan-17,Group accomodations,International,3000
01-Feb-17,Group accomodations,Domestic,49000
01-Feb-17,Group accomodations,International,3000
01-Mar-17,Group accomodations,Domestic,72000
01-Mar-17,Group accomodations,International,3000
01-Apr-17,Group accomodations,Domestic,123000
01-Apr-17,Group accomodations,International,7000
01-May-17,Group accomodations,Domestic,177000
01-May-17,Group accomodations,International,7000
01-Jun-17,Group accomodations,Domestic,209000
01-Jun-17,Group accomodations,International,8000
01-Jul-17,Group accomodations,Domestic,124000
01-Jul-17,Group accomodations,International,19000
01-Aug-17,Group accomodations,Domestic,113000
01-Aug-17,Group accomodations,International,17000
01-Sep-17,Group accomodations,Domestic,212000
01-Sep-17,Group accomodations,International,6000
01-Oct-17,Group accomodations,Domestic,130000
01-Oct-17,Group accomodations,International,5000
01-Nov-17,Group accomodations,Domestic,80000
01-Nov-17,Group accomodations,International,3000
01-Dec-17,Group accomodations,Domestic,65000
01-Dec-17,Group accomodations,International,4000
01-Jan-18,Group accomodations,Domestic,57000
01-Jan-18,Group accomodations,International,6000
01-Feb-18,Group accomodations,Domestic,47000
01-Feb-18,Group accomodations,International,5000
01-Mar-18,Group accomodations,Domestic,87000
01-Mar-18,Group accomodations,International,6000
01-Apr-18,Group accomodations,Domestic,136000
01-Apr-18,Group accomodations,International,17000
01-May-18,Group accomodations,Domestic,180000
01-May-18,Group accomodations,International,11000
01-Jun-18,Group accomodations,Domestic,214000
01-Jun-18,Group accomodations,International,11000
01-Jul-18,Group accomodations,Domestic,110000
01-Jul-18,Group accomodations,International,20000
01-Aug-18,Group accomodations,Domestic,117000
01-Aug-18,Group accomodations,International,20000
01-Sep-18,Group accomodations,Domestic,215000
01-Sep-18,Group accomodations,International,10000
01-Oct-18,Group accomodations,Domestic,142000
01-Oct-18,Group accomodations,International,10000
01-Nov-18,Group accomodations,Domestic,85000
01-Nov-18,Group accomodations,International,6000
01-Dec-18,Group accomodations,Domestic,57000
01-Dec-18,Group accomodations,International,4000
01-Jan-19,Group accomodations,Domestic,57000
01-Jan-19,Group accomodations,International,2000
01-Feb-19,Group accomodations,Domestic,55000
01-Feb-19,Group accomodations,International,3000
01-Mar-19,Group accomodations,Domestic,84000
01-Mar-19,Group accomodations,International,5000
01-Apr-19,Group accomodations,Domestic,114000
01-Apr-19,Group accomodations,International,13000
01-May-19,Group accomodations,Domestic,185000
01-May-19,Group accomodations,International,7000
01-Jun-19,Group accomodations,Domestic,226000
01-Jun-19,Group accomodations,International,13000
01-Jul-19,Group accomodations,Domestic,123000
01-Jul-19,Group accomodations,International,20000
01-Aug-19,Group accomodations,Domestic,129000
01-Aug-19,Group accomodations,International,21000
01-Sep-19,Group accomodations,Domestic,229000
01-Sep-19,Group accomodations,International,7000
01-Oct-19,Group accomodations,Domestic,150000
01-Oct-19,Group accomodations,International,10000
01-Nov-19,Group accomodations,Domestic,87000
01-Nov-19,Group accomodations,International,4000
01-Dec-19,Group accomodations,Domestic,59000
01-Dec-19,Group accomodations,International,4000
01-Jan-20,Group accomodations,Domestic,53000
01-Jan-20,Group accomodations,International,6000
01-Feb-20,Group accomodations,Domestic,56000
01-Feb-20,Group accomodations,International,4000
01-Mar-20,Group accomodations,Domestic,40000
01-Mar-20,Group accomodations,International,3000
01-Apr-20,Group accomodations,Domestic,10000
01-Apr-20,Group accomodations,International,0
01-May-20,Group accomodations,Domestic,14000
01-May-20,Group accomodations,International,0
01-Jun-20,Group accomodations,Domestic,31000
01-Jun-20,Group accomodations,International,2000
01-Jul-20,Group accomodations,Domestic,84000
01-Jul-20,Group accomodations,International,11000
01-Aug-20,Group accomodations,Domestic,95000
01-Aug-20,Group accomodations,International,9000
01-Sep-20,Group accomodations,Domestic,89000
01-Sep-20,Group accomodations,International,3000
01-Oct-20,Group accomodations,Domestic,40000
01-Oct-20,Group accomodations,International,1000
01-Nov-20,Group accomodations,Domestic,23000
01-Nov-20,Group accomodations,International,2000
01-Dec-20,Group accomodations,Domestic,28000
01-Dec-20,Group accomodations,International,1000
01-Jan-21,Group accomodations,Domestic,4000
01-Jan-21,Group accomodations,International,2000
01-Feb-21,Group accomodations,Domestic,5000
01-Feb-21,Group accomodations,International,2000
01-Mar-21,Group accomodations,Domestic,9000
01-Mar-21,Group accomodations,International,2000
01-Apr-21,Group accomodations,Domestic,26000
01-Apr-21,Group accomodations,International,2000
01-May-21,Group accomodations,Domestic,47000
01-May-21,Group accomodations,International,1000
01-Jun-21,Group accomodations,Domestic,106000
01-Jun-21,Group accomodations,International,2000
01-Jul-21,Group accomodations,Domestic,107000
01-Jul-21,Group accomodations,International,7000
01-Jan-21,Hotel,Domestic,5000
01-Feb-21,Hotel,International,200
01-Mar-21,Holiday Park,Domestic,9500
01-Apr-21,Camping,Domestic,12000
01-May-21,Hotel,International,150
01-Jun-21,Holiday Park,International,300
01-Jul-21,Camping,Domestic,18000
01-Aug-21,Hotel,Domestic,20000
01-Sep-21,Holiday Park,Domestic,4000
01-Oct-21,Camping,International,250
01-Nov-21,Hotel,Domestic,3500
01-Dec-21,Holiday Park,Domestic,22000
01-Jan-22,Camping,Domestic,3000
01-Feb-22,Hotel,International,100
01-Mar-22,Holiday Park,Domestic,14000
01-Apr-22,Camping,Domestic,16000
01-May-22,Hotel,Domestic,25000
01-Jun-22,Holiday Park,International,500
01-Jul-22,Camping,Domestic,21000
01-Aug-22,Hotel,International,300
